category,strategy,priority,sharpe,cagr,max_drawdown,crisis_non_negative_count,source_file,how_it_works,drivers_ranked,indicators,signal_families,pair_universe,research_refs,improvement_ideas
Cat L: Volatility,L7-ImpliedRealizedSpread,kill_or_full_rework,-0.17,-0.0135,-0.3212,2,src/financial_algo/strategies/volatility_strats.py,"Uses trend, mean_reversion, carry, volatility, pairs_statarb with sma, zscore, volatility, momentum, regime. Primary tradable universe proxy: broad ETF universe.",trend_driver:1.5 | reversion_driver:1.5 | vol_driver:1.5 | carry_driver:1.0 | macro_driver:0.4,sma | zscore | volatility | momentum | regime,trend | mean_reversion | carry | volatility | pairs_statarb,,"Moskowitz, Ooi, Pedersen (2012) - Time Series Momentum | Hurst, Ooi, Pedersen (2017) - A Century of Trend Following | Lehmann (1990) - Fads, Martingales, and Market Efficiency | Avellaneda, Lee (2010) - Statistical Arbitrage in US Equities",Add volatility scaling and turnover-aware rebalance cadence. | Use regime filter to reduce whipsaw in high-vol mean-reverting states. | Gate entries by spread/volatility regime and avoid trend breakout states. | Use adaptive z-score thresholds from rolling quantiles.
Cat I: Momentum,I10-AdaptiveTrendFilter,kill_or_full_rework,-0.14,-0.0146,-0.3121,0,src/financial_algo/strategies/momentum.py,"Uses trend, carry, volatility with sma, volatility, momentum, regime. Primary tradable universe proxy: broad ETF universe.",trend_driver:1.5 | vol_driver:1.5 | carry_driver:1.0 | macro_driver:0.4 | reversion_driver:0.2 | ml_driver:0.1,sma | volatility | momentum | regime,trend | carry | volatility,,"Moskowitz, Ooi, Pedersen (2012) - Time Series Momentum | Hurst, Ooi, Pedersen (2017) - A Century of Trend Following | Koijen et al. (2018) - Carry | Baltas (2019) - Alternative Risk Premia",Add volatility scaling and turnover-aware rebalance cadence. | Use regime filter to reduce whipsaw in high-vol mean-reverting states. | Add drawdown-aware de-risking and convex hedges in stress regimes. | Use term-structure slope confidence to modulate position size.
Cat I: Momentum,I7-DriftRegimeMomentum,kill_or_full_rework,-0.06,-0.0038,-0.1548,4,src/financial_algo/strategies/momentum.py,"Uses trend, mean_reversion, carry with sma, rsi, momentum, regime. Primary tradable universe proxy: broad ETF universe.",trend_driver:1.7 | reversion_driver:1.5 | carry_driver:1.0 | macro_driver:0.6,sma | rsi | momentum | regime,trend | mean_reversion | carry,,"Moskowitz, Ooi, Pedersen (2012) - Time Series Momentum | Hurst, Ooi, Pedersen (2017) - A Century of Trend Following | Lehmann (1990) - Fads, Martingales, and Market Efficiency | Avellaneda, Lee (2010) - Statistical Arbitrage in US Equities",Add volatility scaling and turnover-aware rebalance cadence. | Use regime filter to reduce whipsaw in high-vol mean-reverting states. | Gate entries by spread/volatility regime and avoid trend breakout states. | Use adaptive z-score thresholds from rolling quantiles.
Cat O: Tail Risk,O9-ATRCrisisAlpha,kill_or_full_rework,-0.03,-0.0041,-0.2499,2,src/financial_algo/strategies/tail_risk.py,"Uses trend, carry, volatility, macro_regime with sma, ema, atr, volatility, momentum, regime. Primary tradable universe proxy: broad ETF universe.",trend_driver:1.5 | vol_driver:1.5 | macro_driver:1.4 | carry_driver:1.0,sma | ema | atr | volatility | momentum | regime,trend | carry | volatility | macro_regime,,"Moskowitz, Ooi, Pedersen (2012) - Time Series Momentum | Hurst, Ooi, Pedersen (2017) - A Century of Trend Following | Koijen et al. (2018) - Carry | Baltas (2019) - Alternative Risk Premia",Add volatility scaling and turnover-aware rebalance cadence. | Use regime filter to reduce whipsaw in high-vol mean-reverting states. | Add drawdown-aware de-risking and convex hedges in stress regimes. | Use term-structure slope confidence to modulate position size.
Cat O: Tail Risk,O8-VolatilityConvexity,high_priority_rework,0.0,0.0,0.0,6,src/financial_algo/strategies/tail_risk.py,"Uses trend, carry, volatility, macro_regime with ema, volatility, regime. Primary tradable universe proxy: broad ETF universe.",macro_driver:1.6 | vol_driver:1.5 | trend_driver:1.2 | carry_driver:1.0,ema | volatility | regime,trend | carry | volatility | macro_regime,,"Moskowitz, Ooi, Pedersen (2012) - Time Series Momentum | Hurst, Ooi, Pedersen (2017) - A Century of Trend Following | Koijen et al. (2018) - Carry | Baltas (2019) - Alternative Risk Premia",Add volatility scaling and turnover-aware rebalance cadence. | Use regime filter to reduce whipsaw in high-vol mean-reverting states. | Add drawdown-aware de-risking and convex hedges in stress regimes. | Use term-structure slope confidence to modulate position size.
Cat K: Factor,K6-QualityMomentumComposite,high_priority_rework,0.02,-0.0029,-0.2453,2,src/financial_algo/strategies/factor.py,"Uses trend, carry, volatility with sma, volatility, momentum, regime. Primary tradable universe proxy: broad ETF universe.",trend_driver:1.5 | vol_driver:1.5 | carry_driver:1.0 | macro_driver:0.4 | reversion_driver:0.2 | ml_driver:0.1,sma | volatility | momentum | regime,trend | carry | volatility,,"Moskowitz, Ooi, Pedersen (2012) - Time Series Momentum | Hurst, Ooi, Pedersen (2017) - A Century of Trend Following | Koijen et al. (2018) - Carry | Baltas (2019) - Alternative Risk Premia",Add volatility scaling and turnover-aware rebalance cadence. | Use regime filter to reduce whipsaw in high-vol mean-reverting states. | Add drawdown-aware de-risking and convex hedges in stress regimes. | Use term-structure slope confidence to modulate position size.
Cat H: Crisis Spike (Upward),H4-MultiAssetCrisisLong,high_priority_rework,0.05,0.0009,-0.2305,2,unknown,Uses mixed signals with custom transforms. Primary tradable universe proxy: broad ETF universe.,,,,,,
Cat R: Regime Hardening,R10-CommodityMacroOverlay,high_priority_rework,0.09,0.0024,-0.1549,6,src/financial_algo/strategies/regime_hardening.py,"Uses trend, mean_reversion, carry, macro_regime with sma, rsi, momentum, regime. Primary tradable universe proxy: broad ETF universe.",trend_driver:1.7 | macro_driver:1.6 | reversion_driver:1.5 | carry_driver:1.0,sma | rsi | momentum | regime,trend | mean_reversion | carry | macro_regime,,"Moskowitz, Ooi, Pedersen (2012) - Time Series Momentum | Hurst, Ooi, Pedersen (2017) - A Century of Trend Following | Lehmann (1990) - Fads, Martingales, and Market Efficiency | Avellaneda, Lee (2010) - Statistical Arbitrage in US Equities",Add volatility scaling and turnover-aware rebalance cadence. | Use regime filter to reduce whipsaw in high-vol mean-reverting states. | Gate entries by spread/volatility regime and avoid trend breakout states. | Use adaptive z-score thresholds from rolling quantiles.
Cat H-FI: Fixed Income,H1-YieldCurveTrade,high_priority_rework,0.14,0.0098,-0.3473,2,src/financial_algo/strategies/fixed_income.py,"Uses trend, carry with sma, momentum, regime. Primary tradable universe proxy: broad ETF universe.",trend_driver:1.5 | carry_driver:1.0 | macro_driver:0.4,sma | momentum | regime,trend | carry,,"Moskowitz, Ooi, Pedersen (2012) - Time Series Momentum | Hurst, Ooi, Pedersen (2017) - A Century of Trend Following | Koijen et al. (2018) - Carry | Baltas (2019) - Alternative Risk Premia",Add volatility scaling and turnover-aware rebalance cadence. | Use regime filter to reduce whipsaw in high-vol mean-reverting states. | Add drawdown-aware de-risking and convex hedges in stress regimes. | Use term-structure slope confidence to modulate position size.
Cat C: War/Geopolitical,C2-SafeHavenFlight,high_priority_rework,0.15,0.0092,-0.3123,3,unknown,Uses mixed signals with custom transforms. Primary tradable universe proxy: broad ETF universe.,,,,,,
Cat E: Pairs Arbitrage,E1-MultiPairPortfolio,high_priority_rework,0.15,0.0096,-0.3196,2,unknown,Uses mixed signals with custom transforms. Primary tradable universe proxy: broad ETF universe.,,,,,,
Cat M: Macro,M3-EMRiskPremium,high_priority_rework,0.16,0.0116,-0.2989,4,src/financial_algo/strategies/macro.py,"Uses trend, carry, volatility, pairs_statarb, macro_regime with sma, momentum, regime. Primary tradable universe proxy: broad ETF universe.",trend_driver:1.5 | macro_driver:1.4 | carry_driver:1.0 | vol_driver:1.0,sma | momentum | regime,trend | carry | volatility | pairs_statarb | macro_regime,,"Moskowitz, Ooi, Pedersen (2012) - Time Series Momentum | Hurst, Ooi, Pedersen (2017) - A Century of Trend Following | Koijen et al. (2018) - Carry | Baltas (2019) - Alternative Risk Premia",Add volatility scaling and turnover-aware rebalance cadence. | Use regime filter to reduce whipsaw in high-vol mean-reverting states. | Add drawdown-aware de-risking and convex hedges in stress regimes. | Use term-structure slope confidence to modulate position size.
Cat DL: Deep Learning,DL3-AttentionRanker,high_priority_rework,0.16,0.0119,-0.3801,5,src/financial_algo/strategies/dl_strategies.py,"Uses trend, mean_reversion, volatility, ml with sma, rsi, zscore, volatility, momentum, regime. Primary tradable universe proxy: broad ETF universe.",trend_driver:1.5 | reversion_driver:1.5 | vol_driver:1.5 | ml_driver:1.0 | macro_driver:0.4,sma | rsi | zscore | volatility | momentum | regime,trend | mean_reversion | volatility | ml,,"Moskowitz, Ooi, Pedersen (2012) - Time Series Momentum | Hurst, Ooi, Pedersen (2017) - A Century of Trend Following | Lehmann (1990) - Fads, Martingales, and Market Efficiency | Avellaneda, Lee (2010) - Statistical Arbitrage in US Equities",Add volatility scaling and turnover-aware rebalance cadence. | Use regime filter to reduce whipsaw in high-vol mean-reverting states. | Gate entries by spread/volatility regime and avoid trend breakout states. | Use adaptive z-score thresholds from rolling quantiles.
Cat M: Macro,M7-GlobalRotation,high_priority_rework,0.18,0.0141,-0.3783,3,src/financial_algo/strategies/macro.py,"Uses trend, mean_reversion, carry, volatility, macro_regime with sma, rsi, volatility, momentum, regime. Primary tradable universe proxy: broad ETF universe.",reversion_driver:1.7 | trend_driver:1.5 | vol_driver:1.5 | macro_driver:1.4 | carry_driver:1.0 | ml_driver:0.1,sma | rsi | volatility | momentum | regime,trend | mean_reversion | carry | volatility | macro_regime,,"Moskowitz, Ooi, Pedersen (2012) - Time Series Momentum | Hurst, Ooi, Pedersen (2017) - A Century of Trend Following | Lehmann (1990) - Fads, Martingales, and Market Efficiency | Avellaneda, Lee (2010) - Statistical Arbitrage in US Equities",Add volatility scaling and turnover-aware rebalance cadence. | Use regime filter to reduce whipsaw in high-vol mean-reverting states. | Gate entries by spread/volatility regime and avoid trend breakout states. | Use adaptive z-score thresholds from rolling quantiles.
Cat O: Tail Risk,O6-TailHedgeOverlay,high_priority_rework,0.18,0.0056,-0.1555,5,src/financial_algo/strategies/tail_risk.py,"Uses trend, carry, volatility, macro_regime with sma, volatility, regime. Primary tradable universe proxy: broad ETF universe.",macro_driver:1.6 | vol_driver:1.5 | trend_driver:1.2 | carry_driver:1.0,sma | volatility | regime,trend | carry | volatility | macro_regime,,"Moskowitz, Ooi, Pedersen (2012) - Time Series Momentum | Hurst, Ooi, Pedersen (2017) - A Century of Trend Following | Koijen et al. (2018) - Carry | Baltas (2019) - Alternative Risk Premia",Add volatility scaling and turnover-aware rebalance cadence. | Use regime filter to reduce whipsaw in high-vol mean-reverting states. | Add drawdown-aware de-risking and convex hedges in stress regimes. | Use term-structure slope confidence to modulate position size.
Cat H: Crisis Spike (Upward),H1-CommodityShockRider,high_priority_rework,0.2,0.0167,-0.3969,3,unknown,Uses mixed signals with custom transforms. Primary tradable universe proxy: broad ETF universe.,,,,,,
Cat B: Oil Crisis,B2-OilShockHedge,high_priority_rework,0.22,0.0218,-0.4335,5,unknown,Uses mixed signals with custom transforms. Primary tradable universe proxy: broad ETF universe.,reversion_driver:0.2 | ml_driver:0.1,,,,,
Cat H: Crisis Spike (Upward),H2-GoldFearRally,high_priority_rework,0.24,0.0161,-0.2395,3,unknown,Uses mixed signals with custom transforms. Primary tradable universe proxy: broad ETF universe.,,,,,,
Cat J: Mean Reversion,J5-GlobalMeanReversion,high_priority_rework,0.24,0.0232,-0.302,2,src/financial_algo/strategies/mean_reversion.py,"Uses trend, mean_reversion, carry with sma, rsi, zscore, regime. Primary tradable universe proxy: broad ETF universe.",reversion_driver:1.5 | trend_driver:1.0 | carry_driver:1.0 | macro_driver:0.4,sma | rsi | zscore | regime,trend | mean_reversion | carry,,"Moskowitz, Ooi, Pedersen (2012) - Time Series Momentum | Hurst, Ooi, Pedersen (2017) - A Century of Trend Following | Lehmann (1990) - Fads, Martingales, and Market Efficiency | Avellaneda, Lee (2010) - Statistical Arbitrage in US Equities",Add volatility scaling and turnover-aware rebalance cadence. | Use regime filter to reduce whipsaw in high-vol mean-reverting states. | Gate entries by spread/volatility regime and avoid trend breakout states. | Use adaptive z-score thresholds from rolling quantiles.
Cat B: Oil Crisis,B1-OilMomentumSurge,high_priority_rework,0.25,0.0269,-0.3338,4,unknown,Uses mixed signals with custom transforms. Primary tradable universe proxy: broad ETF universe.,,,,,,
Cat H: Crisis Spike (Upward),H3-DefenseSpikeBreakout,high_priority_rework,0.26,0.0225,-0.2832,2,unknown,Uses mixed signals with custom transforms. Primary tradable universe proxy: broad ETF universe.,trend_driver:0.2 | macro_driver:0.2,,,,,
Cat P: ML Signal Combo,P3-GMMRegimeClassifier,high_priority_rework,0.26,0.0287,-0.3817,3,src/financial_algo/strategies/signal_combo.py,"Uses mean_reversion, volatility, pairs_statarb, macro_regime, ml with zscore, volatility, regime. Primary tradable universe proxy: broad ETF universe.",reversion_driver:1.7 | vol_driver:1.5 | macro_driver:1.4 | ml_driver:1.1,zscore | volatility | regime,mean_reversion | volatility | pairs_statarb | macro_regime | ml,,"Lehmann (1990) - Fads, Martingales, and Market Efficiency | Avellaneda, Lee (2010) - Statistical Arbitrage in US Equities | Carr, Wu (2009) - Variance Risk Premia | Israelov, Nielsen (2015) - Volatility Strategies",Gate entries by spread/volatility regime and avoid trend breakout states. | Use adaptive z-score thresholds from rolling quantiles. | Blend carry and momentum in vol signals to avoid left-tail episodes. | Constrain gross exposure during abrupt vol-of-vol spikes.
Cat M: Macro,M11-AdaptiveMacroBlend,high_priority_rework,0.27,0.0255,-0.3146,4,src/financial_algo/strategies/macro.py,"Uses trend, carry, volatility, pairs_statarb, macro_regime, ml with sma, ema, momentum, regime. Primary tradable universe proxy: broad ETF universe.",trend_driver:1.5 | macro_driver:1.4 | carry_driver:1.0 | vol_driver:1.0 | ml_driver:1.0,sma | ema | momentum | regime,trend | carry | volatility | pairs_statarb | macro_regime | ml,,"Moskowitz, Ooi, Pedersen (2012) - Time Series Momentum | Hurst, Ooi, Pedersen (2017) - A Century of Trend Following | Koijen et al. (2018) - Carry | Baltas (2019) - Alternative Risk Premia",Add volatility scaling and turnover-aware rebalance cadence. | Use regime filter to reduce whipsaw in high-vol mean-reverting states. | Add drawdown-aware de-risking and convex hedges in stress regimes. | Use term-structure slope confidence to modulate position size.
Cat O: Tail Risk,O4-BlackSwanInsurance,high_priority_rework,0.28,0.0168,-0.1918,4,src/financial_algo/strategies/tail_risk.py,"Uses volatility with volatility, regime. Primary tradable universe proxy: broad ETF universe.",vol_driver:1.5 | macro_driver:0.6 | trend_driver:0.2,volatility | regime,volatility,,"Carr, Wu (2009) - Variance Risk Premia | Israelov, Nielsen (2015) - Volatility Strategies",Blend carry and momentum in vol signals to avoid left-tail episodes. | Constrain gross exposure during abrupt vol-of-vol spikes.
Cat B: Oil Crisis,B4-EnergyPairs,watch_and_rework,0.31,0.0351,-0.2855,4,unknown,Uses mixed signals with custom transforms. Primary tradable universe proxy: broad ETF universe.,,,,,,
Cat I: Momentum,I8-TimeSeriesMomDrift,watch_and_rework,0.31,0.028,-0.3095,4,unknown,Uses mixed signals with custom transforms. Primary tradable universe proxy: broad ETF universe.,,,,,,
Cat J: Mean Reversion,J3-RSIMeanReversion,watch_and_rework,0.31,0.0318,-0.3383,4,src/financial_algo/strategies/mean_reversion.py,"Uses trend, mean_reversion, carry, volatility with sma, ema, rsi, volatility, regime. Primary tradable universe proxy: broad ETF universe.",reversion_driver:1.5 | vol_driver:1.5 | trend_driver:1.0 | carry_driver:1.0 | macro_driver:0.4,sma | ema | rsi | volatility | regime,trend | mean_reversion | carry | volatility,,"Moskowitz, Ooi, Pedersen (2012) - Time Series Momentum | Hurst, Ooi, Pedersen (2017) - A Century of Trend Following | Lehmann (1990) - Fads, Martingales, and Market Efficiency | Avellaneda, Lee (2010) - Statistical Arbitrage in US Equities",Add volatility scaling and turnover-aware rebalance cadence. | Use regime filter to reduce whipsaw in high-vol mean-reverting states. | Gate entries by spread/volatility regime and avoid trend breakout states. | Use adaptive z-score thresholds from rolling quantiles.
Cat I: Momentum,I5-GlobalMomentumRotation,watch_and_rework,0.37,0.0492,-0.3996,3,src/financial_algo/strategies/momentum.py,"Uses trend, mean_reversion, carry, volatility, macro_regime with sma, rsi, volatility, momentum, regime. Primary tradable universe proxy: broad ETF universe.",reversion_driver:1.7 | trend_driver:1.5 | vol_driver:1.5 | macro_driver:1.4 | carry_driver:1.0 | ml_driver:0.1,sma | rsi | volatility | momentum | regime,trend | mean_reversion | carry | volatility | macro_regime,,"Moskowitz, Ooi, Pedersen (2012) - Time Series Momentum | Hurst, Ooi, Pedersen (2017) - A Century of Trend Following | Lehmann (1990) - Fads, Martingales, and Market Efficiency | Avellaneda, Lee (2010) - Statistical Arbitrage in US Equities",Add volatility scaling and turnover-aware rebalance cadence. | Use regime filter to reduce whipsaw in high-vol mean-reverting states. | Gate entries by spread/volatility regime and avoid trend breakout states. | Use adaptive z-score thresholds from rolling quantiles.
Cat J: Mean Reversion,J4-CointegrationPairs,watch_and_rework,0.37,0.0166,-0.1629,2,src/financial_algo/strategies/mean_reversion.py,"Uses trend, mean_reversion, carry, pairs_statarb with sma, rsi, zscore, regime. Primary tradable universe proxy: broad ETF universe.",reversion_driver:1.5 | trend_driver:1.0 | carry_driver:1.0 | macro_driver:0.4,sma | rsi | zscore | regime,trend | mean_reversion | carry | pairs_statarb,,"Moskowitz, Ooi, Pedersen (2012) - Time Series Momentum | Hurst, Ooi, Pedersen (2017) - A Century of Trend Following | Lehmann (1990) - Fads, Martingales, and Market Efficiency | Avellaneda, Lee (2010) - Statistical Arbitrage in US Equities",Add volatility scaling and turnover-aware rebalance cadence. | Use regime filter to reduce whipsaw in high-vol mean-reverting states. | Gate entries by spread/volatility regime and avoid trend breakout states. | Use adaptive z-score thresholds from rolling quantiles.
Cat I: Momentum,I1-TimeSeriesMomentum,watch_and_rework,0.39,0.0506,-0.3268,4,src/financial_algo/strategies/momentum.py,"Uses trend, mean_reversion, carry, volatility with sma, rsi, volatility, momentum, regime. Primary tradable universe proxy: broad ETF universe.",reversion_driver:1.7 | trend_driver:1.5 | vol_driver:1.5 | carry_driver:1.0 | macro_driver:0.4 | ml_driver:0.1,sma | rsi | volatility | momentum | regime,trend | mean_reversion | carry | volatility,,"Moskowitz, Ooi, Pedersen (2012) - Time Series Momentum | Hurst, Ooi, Pedersen (2017) - A Century of Trend Following | Lehmann (1990) - Fads, Martingales, and Market Efficiency | Avellaneda, Lee (2010) - Statistical Arbitrage in US Equities",Add volatility scaling and turnover-aware rebalance cadence. | Use regime filter to reduce whipsaw in high-vol mean-reverting states. | Gate entries by spread/volatility regime and avoid trend breakout states. | Use adaptive z-score thresholds from rolling quantiles.
Cat N: Seasonal,N2-TurnOfMonth,watch_and_rework,0.4,0.0478,-0.3223,3,src/financial_algo/strategies/seasonal.py,"Uses trend, carry with sma, regime. Primary tradable universe proxy: broad ETF universe.",trend_driver:1.0 | carry_driver:1.0 | macro_driver:0.4,sma | regime,trend | carry,,"Moskowitz, Ooi, Pedersen (2012) - Time Series Momentum | Hurst, Ooi, Pedersen (2017) - A Century of Trend Following | Koijen et al. (2018) - Carry | Baltas (2019) - Alternative Risk Premia",Add volatility scaling and turnover-aware rebalance cadence. | Use regime filter to reduce whipsaw in high-vol mean-reverting states. | Add drawdown-aware de-risking and convex hedges in stress regimes. | Use term-structure slope confidence to modulate position size.
Cat P: ML Signal Combo,G6-MultiSignalConsensus,watch_and_rework,0.41,0.0515,-0.3373,2,src/financial_algo/strategies/signal_combo.py,"Uses trend, mean_reversion, carry, volatility with sma, ema, rsi, volatility, momentum, regime. Primary tradable universe proxy: broad ETF universe.",reversion_driver:1.7 | trend_driver:1.5 | vol_driver:1.5 | carry_driver:1.0 | macro_driver:0.4 | ml_driver:0.1,sma | ema | rsi | volatility | momentum | regime,trend | mean_reversion | carry | volatility,,"Moskowitz, Ooi, Pedersen (2012) - Time Series Momentum | Hurst, Ooi, Pedersen (2017) - A Century of Trend Following | Lehmann (1990) - Fads, Martingales, and Market Efficiency | Avellaneda, Lee (2010) - Statistical Arbitrage in US Equities",Add volatility scaling and turnover-aware rebalance cadence. | Use regime filter to reduce whipsaw in high-vol mean-reverting states. | Gate entries by spread/volatility regime and avoid trend breakout states. | Use adaptive z-score thresholds from rolling quantiles.
Cat DL: Deep Learning,DL1-TemporalCNNAlpha,watch_and_rework,0.41,0.0547,-0.402,6,src/financial_algo/strategies/dl_strategies.py,"Uses trend, mean_reversion, carry, volatility, ml with sma, rsi, zscore, volatility, momentum, regime. Primary tradable universe proxy: broad ETF universe.",reversion_driver:1.7 | trend_driver:1.5 | vol_driver:1.5 | ml_driver:1.1 | carry_driver:1.0 | macro_driver:0.4,sma | rsi | zscore | volatility | momentum | regime,trend | mean_reversion | carry | volatility | ml,,"Moskowitz, Ooi, Pedersen (2012) - Time Series Momentum | Hurst, Ooi, Pedersen (2017) - A Century of Trend Following | Lehmann (1990) - Fads, Martingales, and Market Efficiency | Avellaneda, Lee (2010) - Statistical Arbitrage in US Equities",Add volatility scaling and turnover-aware rebalance cadence. | Use regime filter to reduce whipsaw in high-vol mean-reverting states. | Gate entries by spread/volatility regime and avoid trend breakout states. | Use adaptive z-score thresholds from rolling quantiles.
Cat M: Macro,M8-CommodityMacroSignal,watch_and_rework,0.42,0.0426,-0.3401,3,src/financial_algo/strategies/macro.py,"Uses trend, carry, macro_regime with sma, ema, momentum, regime. Primary tradable universe proxy: broad ETF universe.",trend_driver:1.5 | macro_driver:1.4 | carry_driver:1.0 | reversion_driver:0.2 | ml_driver:0.1,sma | ema | momentum | regime,trend | carry | macro_regime,,"Moskowitz, Ooi, Pedersen (2012) - Time Series Momentum | Hurst, Ooi, Pedersen (2017) - A Century of Trend Following | Koijen et al. (2018) - Carry | Baltas (2019) - Alternative Risk Premia",Add volatility scaling and turnover-aware rebalance cadence. | Use regime filter to reduce whipsaw in high-vol mean-reverting states. | Add drawdown-aware de-risking and convex hedges in stress regimes. | Use term-structure slope confidence to modulate position size.
Cat K: Factor,K5-RealAssetsFactor,watch_and_rework,0.44,0.05,-0.364,2,src/financial_algo/strategies/factor.py,"Uses trend, carry, macro_regime with sma, momentum, regime. Primary tradable universe proxy: broad ETF universe.",trend_driver:1.5 | macro_driver:1.4 | carry_driver:1.0,sma | momentum | regime,trend | carry | macro_regime,,"Moskowitz, Ooi, Pedersen (2012) - Time Series Momentum | Hurst, Ooi, Pedersen (2017) - A Century of Trend Following | Koijen et al. (2018) - Carry | Baltas (2019) - Alternative Risk Premia",Add volatility scaling and turnover-aware rebalance cadence. | Use regime filter to reduce whipsaw in high-vol mean-reverting states. | Add drawdown-aware de-risking and convex hedges in stress regimes. | Use term-structure slope confidence to modulate position size.
Cat B: Oil Crisis,B3-OilMeanReversion,watch_and_rework,0.45,0.049,-0.3107,4,unknown,Uses mixed signals with custom transforms. Primary tradable universe proxy: broad ETF universe.,,,,,,
Cat I: Momentum,I2-CrossSectionalMomentum,watch_and_rework,0.46,0.0689,-0.3416,2,src/financial_algo/strategies/momentum.py,"Uses trend with sma, momentum, regime. Primary tradable universe proxy: broad ETF universe.",trend_driver:1.5 | macro_driver:0.4 | reversion_driver:0.2 | ml_driver:0.1,sma | momentum | regime,trend,,"Moskowitz, Ooi, Pedersen (2012) - Time Series Momentum | Hurst, Ooi, Pedersen (2017) - A Century of Trend Following",Add volatility scaling and turnover-aware rebalance cadence. | Use regime filter to reduce whipsaw in high-vol mean-reverting states.
Cat C: War/Geopolitical,C3-PostWarRecovery,watch_and_rework,0.47,0.0672,-0.3852,2,unknown,Uses mixed signals with custom transforms. Primary tradable universe proxy: broad ETF universe.,,,,,,
Cat P: ML Signal Combo,P5-CrossSectionalRanker,watch_and_rework,0.49,0.0673,-0.3689,3,src/financial_algo/strategies/ml_strategies.py,"Uses trend, mean_reversion, volatility, ml with sma, rsi, zscore, atr, volatility, momentum, regime. Primary tradable universe proxy: broad ETF universe.",reversion_driver:1.7 | trend_driver:1.5 | vol_driver:1.5 | ml_driver:1.1 | macro_driver:0.4,sma | rsi | zscore | atr | volatility | momentum | regime,trend | mean_reversion | volatility | ml,,"Moskowitz, Ooi, Pedersen (2012) - Time Series Momentum | Hurst, Ooi, Pedersen (2017) - A Century of Trend Following | Lehmann (1990) - Fads, Martingales, and Market Efficiency | Avellaneda, Lee (2010) - Statistical Arbitrage in US Equities",Add volatility scaling and turnover-aware rebalance cadence. | Use regime filter to reduce whipsaw in high-vol mean-reverting states. | Gate entries by spread/volatility regime and avoid trend breakout states. | Use adaptive z-score thresholds from rolling quantiles.
Cat H-FI: Fixed Income,H2-CreditSpreadMeanRev,watch_and_rework,0.5,0.0544,-0.2446,4,src/financial_algo/strategies/fixed_income.py,"Uses trend, mean_reversion, carry, pairs_statarb, macro_regime with sma, rsi, zscore, regime. Primary tradable universe proxy: broad ETF universe.",reversion_driver:1.5 | macro_driver:1.4 | trend_driver:1.0 | carry_driver:1.0,sma | rsi | zscore | regime,trend | mean_reversion | carry | pairs_statarb | macro_regime,,"Moskowitz, Ooi, Pedersen (2012) - Time Series Momentum | Hurst, Ooi, Pedersen (2017) - A Century of Trend Following | Lehmann (1990) - Fads, Martingales, and Market Efficiency | Avellaneda, Lee (2010) - Statistical Arbitrage in US Equities",Add volatility scaling and turnover-aware rebalance cadence. | Use regime filter to reduce whipsaw in high-vol mean-reverting states. | Gate entries by spread/volatility regime and avoid trend breakout states. | Use adaptive z-score thresholds from rolling quantiles.
Cat C: War/Geopolitical,C1-DefenseRotation,watch_and_rework,0.51,0.0669,-0.3778,3,unknown,Uses mixed signals with custom transforms. Primary tradable universe proxy: broad ETF universe.,reversion_driver:0.2 | ml_driver:0.1,,,,,
Cat P: ML Signal Combo,P2-XGBoostSignalCombo,watch_and_rework,0.51,0.0777,-0.3082,3,src/financial_algo/strategies/signal_combo.py,"Uses trend, mean_reversion, carry, volatility, pairs_statarb, macro_regime, ml with sma, rsi, zscore, volatility, momentum, regime. Primary tradable universe proxy: broad ETF universe.",trend_driver:1.5 | reversion_driver:1.5 | vol_driver:1.5 | macro_driver:1.4 | carry_driver:1.0 | ml_driver:1.0,sma | rsi | zscore | volatility | momentum | regime,trend | mean_reversion | carry | volatility | pairs_statarb | macro_regime | ml,,"Moskowitz, Ooi, Pedersen (2012) - Time Series Momentum | Hurst, Ooi, Pedersen (2017) - A Century of Trend Following | Lehmann (1990) - Fads, Martingales, and Market Efficiency | Avellaneda, Lee (2010) - Statistical Arbitrage in US Equities",Add volatility scaling and turnover-aware rebalance cadence. | Use regime filter to reduce whipsaw in high-vol mean-reverting states. | Gate entries by spread/volatility regime and avoid trend breakout states. | Use adaptive z-score thresholds from rolling quantiles.
Cat J: Mean Reversion,J2-OvernightGapFade,watch_and_rework,0.52,0.0626,-0.3479,5,src/financial_algo/strategies/mean_reversion.py,"Uses trend, mean_reversion, carry, volatility with sma, ema, rsi, volatility, regime. Primary tradable universe proxy: broad ETF universe.",reversion_driver:1.5 | vol_driver:1.5 | trend_driver:1.0 | carry_driver:1.0 | macro_driver:0.4,sma | ema | rsi | volatility | regime,trend | mean_reversion | carry | volatility,,"Moskowitz, Ooi, Pedersen (2012) - Time Series Momentum | Hurst, Ooi, Pedersen (2017) - A Century of Trend Following | Lehmann (1990) - Fads, Martingales, and Market Efficiency | Avellaneda, Lee (2010) - Statistical Arbitrage in US Equities",Add volatility scaling and turnover-aware rebalance cadence. | Use regime filter to reduce whipsaw in high-vol mean-reverting states. | Gate entries by spread/volatility regime and avoid trend breakout states. | Use adaptive z-score thresholds from rolling quantiles.
Cat L: Volatility,L9-VIXAdaptiveCarry,watch_and_rework,0.52,0.0587,-0.2956,2,src/financial_algo/strategies/volatility_strats.py,"Uses trend, carry, volatility with sma, ema, volatility, regime. Primary tradable universe proxy: broad ETF universe.",vol_driver:1.5 | trend_driver:1.0 | carry_driver:1.0 | macro_driver:0.4,sma | ema | volatility | regime,trend | carry | volatility,,"Moskowitz, Ooi, Pedersen (2012) - Time Series Momentum | Hurst, Ooi, Pedersen (2017) - A Century of Trend Following | Koijen et al. (2018) - Carry | Baltas (2019) - Alternative Risk Premia",Add volatility scaling and turnover-aware rebalance cadence. | Use regime filter to reduce whipsaw in high-vol mean-reverting states. | Add drawdown-aware de-risking and convex hedges in stress regimes. | Use term-structure slope confidence to modulate position size.
Cat MF: Multi-Frequency,MF4-WeeklyMeanReversion,watch_and_rework,0.52,0.0712,-0.3432,4,src/financial_algo/strategies/multi_freq.py,"Uses mean_reversion, carry with sma, rsi, zscore, volatility, regime. Primary tradable universe proxy: broad ETF universe.",reversion_driver:1.5 | carry_driver:1.0 | vol_driver:0.5 | macro_driver:0.4,sma | rsi | zscore | volatility | regime,mean_reversion | carry,,"Lehmann (1990) - Fads, Martingales, and Market Efficiency | Avellaneda, Lee (2010) - Statistical Arbitrage in US Equities | Koijen et al. (2018) - Carry | Baltas (2019) - Alternative Risk Premia",Gate entries by spread/volatility regime and avoid trend breakout states. | Use adaptive z-score thresholds from rolling quantiles. | Add drawdown-aware de-risking and convex hedges in stress regimes. | Use term-structure slope confidence to modulate position size.
Cat C: War/Geopolitical,C4-ArmsRaceMomentum,watch_and_rework,0.53,0.0711,-0.2899,4,unknown,Uses mixed signals with custom transforms. Primary tradable universe proxy: broad ETF universe.,reversion_driver:0.2 | ml_driver:0.1,,,,,
Cat I: Momentum,I3-DualMomentum,watch_and_rework,0.54,0.0783,-0.322,4,src/financial_algo/strategies/momentum.py,"Uses trend, volatility with sma, volatility, momentum, regime. Primary tradable universe proxy: broad ETF universe.",trend_driver:1.5 | vol_driver:1.5 | macro_driver:0.4 | reversion_driver:0.2 | ml_driver:0.1,sma | volatility | momentum | regime,trend | volatility,,"Moskowitz, Ooi, Pedersen (2012) - Time Series Momentum | Hurst, Ooi, Pedersen (2017) - A Century of Trend Following | Carr, Wu (2009) - Variance Risk Premia | Israelov, Nielsen (2015) - Volatility Strategies",Add volatility scaling and turnover-aware rebalance cadence. | Use regime filter to reduce whipsaw in high-vol mean-reverting states. | Blend carry and momentum in vol signals to avoid left-tail episodes. | Constrain gross exposure during abrupt vol-of-vol spikes.
Cat J: Mean Reversion,J6-DriftReversalAlpha,watch_and_rework,0.54,0.0259,-0.1006,5,src/financial_algo/strategies/mean_reversion.py,"Uses trend, mean_reversion, carry, volatility with sma, ema, rsi, volatility, momentum, regime. Primary tradable universe proxy: broad ETF universe.",trend_driver:1.7 | reversion_driver:1.5 | vol_driver:1.5 | carry_driver:1.0 | macro_driver:0.6,sma | ema | rsi | volatility | momentum | regime,trend | mean_reversion | carry | volatility,,"Moskowitz, Ooi, Pedersen (2012) - Time Series Momentum | Hurst, Ooi, Pedersen (2017) - A Century of Trend Following | Lehmann (1990) - Fads, Martingales, and Market Efficiency | Avellaneda, Lee (2010) - Statistical Arbitrage in US Equities",Add volatility scaling and turnover-aware rebalance cadence. | Use regime filter to reduce whipsaw in high-vol mean-reverting states. | Gate entries by spread/volatility regime and avoid trend breakout states. | Use adaptive z-score thresholds from rolling quantiles.
Cat F: Crypto Crisis,F1-CryptoFlightToQuality,watch_and_rework,0.55,0.0692,-0.3137,5,unknown,Uses mixed signals with custom transforms. Primary tradable universe proxy: broad ETF universe.,,,,,,
Cat M: Macro,M5-RatesRegimeTrade,watch_and_rework,0.55,0.0734,-0.395,3,src/financial_algo/strategies/macro.py,"Uses trend, carry, macro_regime with sma, momentum, regime. Primary tradable universe proxy: broad ETF universe.",trend_driver:1.5 | macro_driver:1.4 | carry_driver:1.0,sma | momentum | regime,trend | carry | macro_regime,,"Moskowitz, Ooi, Pedersen (2012) - Time Series Momentum | Hurst, Ooi, Pedersen (2017) - A Century of Trend Following | Koijen et al. (2018) - Carry | Baltas (2019) - Alternative Risk Premia",Add volatility scaling and turnover-aware rebalance cadence. | Use regime filter to reduce whipsaw in high-vol mean-reverting states. | Add drawdown-aware de-risking and convex hedges in stress regimes. | Use term-structure slope confidence to modulate position size.
Cat K: Factor,K3-SizeFactor,watch_and_rework,0.56,0.0879,-0.365,4,src/financial_algo/strategies/factor.py,"Uses trend, pairs_statarb, macro_regime with sma, ema, momentum, regime. Primary tradable universe proxy: broad ETF universe.",trend_driver:1.5 | macro_driver:1.4 | reversion_driver:0.2 | ml_driver:0.1,sma | ema | momentum | regime,trend | pairs_statarb | macro_regime,,"Moskowitz, Ooi, Pedersen (2012) - Time Series Momentum | Hurst, Ooi, Pedersen (2017) - A Century of Trend Following | Gatev, Goetzmann, Rouwenhorst (2006) - Pairs Trading | Do and Faff (2010) - Pairs Performance and Risks",Add volatility scaling and turnover-aware rebalance cadence. | Use regime filter to reduce whipsaw in high-vol mean-reverting states. | Refresh pair universe with stability and half-life constraints. | Use stop-loss and spread-regime controls for divergence risk.
Cat M: Macro,M4-CommodityMomentum,watch_and_rework,0.56,0.0863,-0.3667,4,src/financial_algo/strategies/macro.py,"Uses trend, carry with sma, ema, momentum, regime. Primary tradable universe proxy: broad ETF universe.",trend_driver:1.5 | carry_driver:1.0 | macro_driver:0.4 | reversion_driver:0.2 | ml_driver:0.1,sma | ema | momentum | regime,trend | carry,,"Moskowitz, Ooi, Pedersen (2012) - Time Series Momentum | Hurst, Ooi, Pedersen (2017) - A Century of Trend Following | Koijen et al. (2018) - Carry | Baltas (2019) - Alternative Risk Premia",Add volatility scaling and turnover-aware rebalance cadence. | Use regime filter to reduce whipsaw in high-vol mean-reverting states. | Add drawdown-aware de-risking and convex hedges in stress regimes. | Use term-structure slope confidence to modulate position size.
Cat J: Mean Reversion,J1-SectorMeanReversion,watch_and_rework,0.57,0.0805,-0.3386,2,src/financial_algo/strategies/mean_reversion.py,"Uses trend, mean_reversion with sma, rsi, zscore, momentum, regime. Primary tradable universe proxy: broad ETF universe.",trend_driver:1.5 | reversion_driver:1.5 | macro_driver:0.4,sma | rsi | zscore | momentum | regime,trend | mean_reversion,,"Moskowitz, Ooi, Pedersen (2012) - Time Series Momentum | Hurst, Ooi, Pedersen (2017) - A Century of Trend Following | Lehmann (1990) - Fads, Martingales, and Market Efficiency | Avellaneda, Lee (2010) - Statistical Arbitrage in US Equities",Add volatility scaling and turnover-aware rebalance cadence. | Use regime filter to reduce whipsaw in high-vol mean-reverting states. | Gate entries by spread/volatility regime and avoid trend breakout states. | Use adaptive z-score thresholds from rolling quantiles.
Cat D: Crash-Hedge (General),D4-AdaptiveStopTrend,watch_and_rework,0.58,0.0703,-0.3141,3,src/financial_algo/strategies/crash_hedge.py,"Uses trend, mean_reversion, carry, volatility with sma, rsi, atr, volatility, momentum, regime. Primary tradable universe proxy: broad ETF universe.",trend_driver:1.5 | reversion_driver:1.5 | vol_driver:1.5 | carry_driver:1.0 | macro_driver:0.4,sma | rsi | atr | volatility | momentum | regime,trend | mean_reversion | carry | volatility,,"Moskowitz, Ooi, Pedersen (2012) - Time Series Momentum | Hurst, Ooi, Pedersen (2017) - A Century of Trend Following | Lehmann (1990) - Fads, Martingales, and Market Efficiency | Avellaneda, Lee (2010) - Statistical Arbitrage in US Equities",Add volatility scaling and turnover-aware rebalance cadence. | Use regime filter to reduce whipsaw in high-vol mean-reverting states. | Gate entries by spread/volatility regime and avoid trend breakout states. | Use adaptive z-score thresholds from rolling quantiles.
Cat M: Macro,M1b-DollarCarryScoreboard,watch_and_rework,0.59,0.0792,-0.2808,4,unknown,Uses mixed signals with custom transforms. Primary tradable universe proxy: broad ETF universe.,,,,,,
Cat F: Crypto Crisis,F4-CryptoContagionHedge,optimize_winner,0.6,0.0599,-0.2149,4,unknown,Uses mixed signals with custom transforms. Primary tradable universe proxy: broad ETF universe.,,,,,,
Cat I: Momentum,I4-MomentumVolScaled,watch_and_rework,0.6,0.0946,-0.2826,3,src/financial_algo/strategies/momentum.py,"Uses trend, carry, volatility with sma, volatility, momentum, regime. Primary tradable universe proxy: broad ETF universe.",trend_driver:1.5 | vol_driver:1.5 | carry_driver:1.0 | macro_driver:0.4 | reversion_driver:0.2 | ml_driver:0.1,sma | volatility | momentum | regime,trend | carry | volatility,,"Moskowitz, Ooi, Pedersen (2012) - Time Series Momentum | Hurst, Ooi, Pedersen (2017) - A Century of Trend Following | Koijen et al. (2018) - Carry | Baltas (2019) - Alternative Risk Premia",Add volatility scaling and turnover-aware rebalance cadence. | Use regime filter to reduce whipsaw in high-vol mean-reverting states. | Add drawdown-aware de-risking and convex hedges in stress regimes. | Use term-structure slope confidence to modulate position size.
Cat R: Regime Hardening,R8-VolRegimeSwitcher,watch_and_rework,0.6,0.0836,-0.3658,3,src/financial_algo/strategies/regime_hardening.py,"Uses carry, volatility with sma, volatility, momentum, regime. Primary tradable universe proxy: broad ETF universe.",vol_driver:1.5 | carry_driver:1.0 | trend_driver:0.5 | macro_driver:0.4,sma | volatility | momentum | regime,carry | volatility,,"Koijen et al. (2018) - Carry | Baltas (2019) - Alternative Risk Premia | Carr, Wu (2009) - Variance Risk Premia | Israelov, Nielsen (2015) - Volatility Strategies",Add drawdown-aware de-risking and convex hedges in stress regimes. | Use term-structure slope confidence to modulate position size. | Blend carry and momentum in vol signals to avoid left-tail episodes. | Constrain gross exposure during abrupt vol-of-vol spikes.
Cat R: Regime Hardening,R5-RatesTighteningAlpha,watch_and_rework,0.62,0.0885,-0.3041,3,src/financial_algo/strategies/regime_hardening.py,"Uses trend, macro_regime with momentum, regime. Primary tradable universe proxy: broad ETF universe.",trend_driver:1.5 | macro_driver:1.4,momentum | regime,trend | macro_regime,,"Moskowitz, Ooi, Pedersen (2012) - Time Series Momentum | Hurst, Ooi, Pedersen (2017) - A Century of Trend Following | Ilmanen (2011) - Expected Returns | Ang (2014) - Asset Management: A Systematic Approach",Add volatility scaling and turnover-aware rebalance cadence. | Use regime filter to reduce whipsaw in high-vol mean-reverting states. | Use multi-signal scoreboards rather than single-threshold toggles. | Add explicit risk-off fallback assets with confidence weighting.
Cat D: Crash-Hedge (General),D1-FourStateTactical,watch_and_rework,0.63,0.1026,-0.323,2,unknown,Uses mixed signals with custom transforms. Primary tradable universe proxy: broad ETF universe.,reversion_driver:0.2 | ml_driver:0.1,,,,,
Cat M: Macro,M9-YieldCurveRegime,optimize_winner,0.65,0.1027,-0.3503,5,src/financial_algo/strategies/macro.py,"Uses trend, mean_reversion, carry, macro_regime with sma, ema, rsi, zscore, volatility, momentum, regime. Primary tradable universe proxy: broad ETF universe.",trend_driver:1.5 | reversion_driver:1.5 | macro_driver:1.4 | carry_driver:1.0 | vol_driver:0.5,sma | ema | rsi | zscore | volatility | momentum | regime,trend | mean_reversion | carry | macro_regime,,"Moskowitz, Ooi, Pedersen (2012) - Time Series Momentum | Hurst, Ooi, Pedersen (2017) - A Century of Trend Following | Lehmann (1990) - Fads, Martingales, and Market Efficiency | Avellaneda, Lee (2010) - Statistical Arbitrage in US Equities",Add volatility scaling and turnover-aware rebalance cadence. | Use regime filter to reduce whipsaw in high-vol mean-reverting states. | Gate entries by spread/volatility regime and avoid trend breakout states. | Use adaptive z-score thresholds from rolling quantiles.
Cat DL: Deep Learning,DL2-LSTMRegimeDetector,watch_and_rework,0.66,0.109,-0.3555,3,src/financial_algo/strategies/dl_strategies.py,"Uses trend, mean_reversion, carry, volatility, pairs_statarb, macro_regime, ml with sma, rsi, zscore, volatility, momentum, regime. Primary tradable universe proxy: broad ETF universe.",reversion_driver:1.7 | trend_driver:1.5 | vol_driver:1.5 | macro_driver:1.4 | ml_driver:1.1 | carry_driver:1.0,sma | rsi | zscore | volatility | momentum | regime,trend | mean_reversion | carry | volatility | pairs_statarb | macro_regime | ml,,"Moskowitz, Ooi, Pedersen (2012) - Time Series Momentum | Hurst, Ooi, Pedersen (2017) - A Century of Trend Following | Lehmann (1990) - Fads, Martingales, and Market Efficiency | Avellaneda, Lee (2010) - Statistical Arbitrage in US Equities",Add volatility scaling and turnover-aware rebalance cadence. | Use regime filter to reduce whipsaw in high-vol mean-reverting states. | Gate entries by spread/volatility regime and avoid trend breakout states. | Use adaptive z-score thresholds from rolling quantiles.
Cat M: Macro,M2-GoldDollarInverse,optimize_winner,0.68,0.112,-0.3383,5,src/financial_algo/strategies/macro.py,"Uses trend, macro_regime with ema, momentum, regime. Primary tradable universe proxy: broad ETF universe.",trend_driver:1.5 | macro_driver:1.4 | reversion_driver:0.2 | ml_driver:0.1,ema | momentum | regime,trend | macro_regime,,"Moskowitz, Ooi, Pedersen (2012) - Time Series Momentum | Hurst, Ooi, Pedersen (2017) - A Century of Trend Following | Ilmanen (2011) - Expected Returns | Ang (2014) - Asset Management: A Systematic Approach",Add volatility scaling and turnover-aware rebalance cadence. | Use regime filter to reduce whipsaw in high-vol mean-reverting states. | Use multi-signal scoreboards rather than single-threshold toggles. | Add explicit risk-off fallback assets with confidence weighting.
Cat N: Seasonal,N3-PreHolidayDrift,watch_and_rework,0.68,0.0717,-0.2737,2,src/financial_algo/strategies/seasonal.py,"Uses trend, carry with sma, regime. Primary tradable universe proxy: broad ETF universe.",trend_driver:1.2 | carry_driver:1.0 | macro_driver:0.6,sma | regime,trend | carry,,"Moskowitz, Ooi, Pedersen (2012) - Time Series Momentum | Hurst, Ooi, Pedersen (2017) - A Century of Trend Following | Koijen et al. (2018) - Carry | Baltas (2019) - Alternative Risk Premia",Add volatility scaling and turnover-aware rebalance cadence. | Use regime filter to reduce whipsaw in high-vol mean-reverting states. | Add drawdown-aware de-risking and convex hedges in stress regimes. | Use term-structure slope confidence to modulate position size.
Cat L: Volatility,L8-VolRegimeClustering,watch_and_rework,0.7,0.1139,-0.3304,3,src/financial_algo/strategies/volatility_strats.py,"Uses carry, volatility, macro_regime with sma, volatility, regime. Primary tradable universe proxy: broad ETF universe.",vol_driver:1.5 | macro_driver:1.4 | carry_driver:1.0 | reversion_driver:0.2 | ml_driver:0.1,sma | volatility | regime,carry | volatility | macro_regime,,"Koijen et al. (2018) - Carry | Baltas (2019) - Alternative Risk Premia | Carr, Wu (2009) - Variance Risk Premia | Israelov, Nielsen (2015) - Volatility Strategies",Add drawdown-aware de-risking and convex hedges in stress regimes. | Use term-structure slope confidence to modulate position size. | Blend carry and momentum in vol signals to avoid left-tail episodes. | Constrain gross exposure during abrupt vol-of-vol spikes.
Cat M: Macro,M1-DollarCarry,watch_and_rework,0.7,0.1027,-0.307,3,src/financial_algo/strategies/macro.py,"Uses trend, mean_reversion, carry, macro_regime with ema, rsi, momentum, regime. Primary tradable universe proxy: broad ETF universe.",trend_driver:1.5 | reversion_driver:1.5 | macro_driver:1.4 | carry_driver:1.0,ema | rsi | momentum | regime,trend | mean_reversion | carry | macro_regime,,"Moskowitz, Ooi, Pedersen (2012) - Time Series Momentum | Hurst, Ooi, Pedersen (2017) - A Century of Trend Following | Lehmann (1990) - Fads, Martingales, and Market Efficiency | Avellaneda, Lee (2010) - Statistical Arbitrage in US Equities",Add volatility scaling and turnover-aware rebalance cadence. | Use regime filter to reduce whipsaw in high-vol mean-reverting states. | Gate entries by spread/volatility regime and avoid trend breakout states. | Use adaptive z-score thresholds from rolling quantiles.
Cat MF: Multi-Frequency,MF1-WeeklyMomentumRotation,watch_and_rework,0.7,0.1247,-0.2748,3,src/financial_algo/strategies/multi_freq.py,"Uses trend, carry with sma, momentum, regime. Primary tradable universe proxy: broad ETF universe.",trend_driver:1.5 | carry_driver:1.0 | macro_driver:0.4 | reversion_driver:0.2 | ml_driver:0.1,sma | momentum | regime,trend | carry,,"Moskowitz, Ooi, Pedersen (2012) - Time Series Momentum | Hurst, Ooi, Pedersen (2017) - A Century of Trend Following | Koijen et al. (2018) - Carry | Baltas (2019) - Alternative Risk Premia",Add volatility scaling and turnover-aware rebalance cadence. | Use regime filter to reduce whipsaw in high-vol mean-reverting states. | Add drawdown-aware de-risking and convex hedges in stress regimes. | Use term-structure slope confidence to modulate position size.
Cat R: Regime Hardening,R1-BearMarketAlpha,watch_and_rework,0.7,0.1068,-0.335,2,src/financial_algo/strategies/regime_hardening.py,"Uses trend, carry with sma, regime. Primary tradable universe proxy: broad ETF universe.",trend_driver:1.0 | carry_driver:1.0 | macro_driver:0.4,sma | regime,trend | carry,,"Moskowitz, Ooi, Pedersen (2012) - Time Series Momentum | Hurst, Ooi, Pedersen (2017) - A Century of Trend Following | Koijen et al. (2018) - Carry | Baltas (2019) - Alternative Risk Premia",Add volatility scaling and turnover-aware rebalance cadence. | Use regime filter to reduce whipsaw in high-vol mean-reverting states. | Add drawdown-aware de-risking and convex hedges in stress regimes. | Use term-structure slope confidence to modulate position size.
Cat MF: Multi-Frequency,MF3-MultiTimeframeTrend,watch_and_rework,0.71,0.108,-0.3117,2,src/financial_algo/strategies/multi_freq.py,"Uses trend, carry with sma, regime. Primary tradable universe proxy: broad ETF universe.",trend_driver:1.0 | carry_driver:1.0 | macro_driver:0.4 | reversion_driver:0.2 | ml_driver:0.1,sma | regime,trend | carry,,"Moskowitz, Ooi, Pedersen (2012) - Time Series Momentum | Hurst, Ooi, Pedersen (2017) - A Century of Trend Following | Koijen et al. (2018) - Carry | Baltas (2019) - Alternative Risk Premia",Add volatility scaling and turnover-aware rebalance cadence. | Use regime filter to reduce whipsaw in high-vol mean-reverting states. | Add drawdown-aware de-risking and convex hedges in stress regimes. | Use term-structure slope confidence to modulate position size.
Cat G: Fundamental/Sentiment,G4-SentimentEnhancedRegime,watch_and_rework,0.72,0.1149,-0.2495,3,unknown,Uses mixed signals with custom transforms. Primary tradable universe proxy: broad ETF universe.,reversion_driver:0.2 | ml_driver:0.1,,,,,
Cat Q: Quality Trend,Q2-MultiAssetTrend,watch_and_rework,0.74,0.1232,-0.3552,3,src/financial_algo/strategies/quality_trend.py,"Uses trend, mean_reversion, carry, volatility with sma, rsi, volatility, regime. Primary tradable universe proxy: broad ETF universe.",reversion_driver:1.7 | vol_driver:1.5 | trend_driver:1.0 | carry_driver:1.0 | macro_driver:0.4 | ml_driver:0.1,sma | rsi | volatility | regime,trend | mean_reversion | carry | volatility,,"Moskowitz, Ooi, Pedersen (2012) - Time Series Momentum | Hurst, Ooi, Pedersen (2017) - A Century of Trend Following | Lehmann (1990) - Fads, Martingales, and Market Efficiency | Avellaneda, Lee (2010) - Statistical Arbitrage in US Equities",Add volatility scaling and turnover-aware rebalance cadence. | Use regime filter to reduce whipsaw in high-vol mean-reverting states. | Gate entries by spread/volatility regime and avoid trend breakout states. | Use adaptive z-score thresholds from rolling quantiles.
Cat M: Macro,M10-MacroSignalScoreboard,optimize_winner,0.75,0.0927,-0.2425,5,src/financial_algo/strategies/macro.py,"Uses trend, volatility, pairs_statarb, macro_regime with ema, momentum, regime. Primary tradable universe proxy: broad ETF universe.",trend_driver:1.5 | macro_driver:1.4 | vol_driver:1.0,ema | momentum | regime,trend | volatility | pairs_statarb | macro_regime,,"Moskowitz, Ooi, Pedersen (2012) - Time Series Momentum | Hurst, Ooi, Pedersen (2017) - A Century of Trend Following | Carr, Wu (2009) - Variance Risk Premia | Israelov, Nielsen (2015) - Volatility Strategies",Add volatility scaling and turnover-aware rebalance cadence. | Use regime filter to reduce whipsaw in high-vol mean-reverting states. | Blend carry and momentum in vol signals to avoid left-tail episodes. | Constrain gross exposure during abrupt vol-of-vol spikes.
Cat P: ML Signal Combo,P4-AdaptiveThreshold,watch_and_rework,0.75,0.1341,-0.3203,3,src/financial_algo/strategies/ml_strategies.py,"Uses trend, mean_reversion, carry, volatility, ml with sma, rsi, zscore, atr, volatility, momentum, regime. Primary tradable universe proxy: broad ETF universe.",reversion_driver:1.7 | trend_driver:1.5 | vol_driver:1.5 | ml_driver:1.1 | carry_driver:1.0 | macro_driver:0.4,sma | rsi | zscore | atr | volatility | momentum | regime,trend | mean_reversion | carry | volatility | ml,,"Moskowitz, Ooi, Pedersen (2012) - Time Series Momentum | Hurst, Ooi, Pedersen (2017) - A Century of Trend Following | Lehmann (1990) - Fads, Martingales, and Market Efficiency | Avellaneda, Lee (2010) - Statistical Arbitrage in US Equities",Add volatility scaling and turnover-aware rebalance cadence. | Use regime filter to reduce whipsaw in high-vol mean-reverting states. | Gate entries by spread/volatility regime and avoid trend breakout states. | Use adaptive z-score thresholds from rolling quantiles.
Cat G: Fundamental/Sentiment,G5-CryptoSentimentDivergence,watch_and_rework,0.76,0.1163,-0.2943,2,unknown,Uses mixed signals with custom transforms. Primary tradable universe proxy: broad ETF universe.,,,,,,
Cat K: Factor,K2-MultiFactorComposite,watch_and_rework,0.77,0.131,-0.2976,3,src/financial_algo/strategies/factor.py,"Uses trend, carry, volatility with sma, volatility, momentum, regime. Primary tradable universe proxy: broad ETF universe.",trend_driver:1.5 | vol_driver:1.5 | carry_driver:1.0 | macro_driver:0.4 | reversion_driver:0.2 | ml_driver:0.1,sma | volatility | momentum | regime,trend | carry | volatility,,"Moskowitz, Ooi, Pedersen (2012) - Time Series Momentum | Hurst, Ooi, Pedersen (2017) - A Century of Trend Following | Koijen et al. (2018) - Carry | Baltas (2019) - Alternative Risk Premia",Add volatility scaling and turnover-aware rebalance cadence. | Use regime filter to reduce whipsaw in high-vol mean-reverting states. | Add drawdown-aware de-risking and convex hedges in stress regimes. | Use term-structure slope confidence to modulate position size.
Cat G: Fundamental/Sentiment,G3-SentimentDivergence,watch_and_rework,0.78,0.1349,-0.3152,3,unknown,Uses mixed signals with custom transforms. Primary tradable universe proxy: broad ETF universe.,reversion_driver:0.2 | ml_driver:0.1,,,,,
Cat G: Fundamental/Sentiment,G1-SentimentCrisisAlpha,optimize_winner,0.79,0.1265,-0.363,4,unknown,Uses mixed signals with custom transforms. Primary tradable universe proxy: broad ETF universe.,reversion_driver:0.2 | ml_driver:0.1,,,,,
Cat N: Seasonal,N1-SeasonalStrategy,optimize_winner,0.79,0.1229,-0.2851,4,src/financial_algo/strategies/seasonal.py,"Uses trend, mean_reversion with rsi, regime. Primary tradable universe proxy: broad ETF universe.",reversion_driver:1.5 | trend_driver:1.0 | macro_driver:0.4,rsi | regime,trend | mean_reversion,,"Moskowitz, Ooi, Pedersen (2012) - Time Series Momentum | Hurst, Ooi, Pedersen (2017) - A Century of Trend Following | Lehmann (1990) - Fads, Martingales, and Market Efficiency | Avellaneda, Lee (2010) - Statistical Arbitrage in US Equities",Add volatility scaling and turnover-aware rebalance cadence. | Use regime filter to reduce whipsaw in high-vol mean-reverting states. | Gate entries by spread/volatility regime and avoid trend breakout states. | Use adaptive z-score thresholds from rolling quantiles.
Cat K: Factor,K4-ValueFactor,watch_and_rework,0.81,0.1458,-0.2536,3,src/financial_algo/strategies/factor.py,"Uses trend, carry, volatility with sma, volatility, momentum, regime. Primary tradable universe proxy: broad ETF universe.",trend_driver:1.5 | vol_driver:1.5 | carry_driver:1.0 | macro_driver:0.4 | reversion_driver:0.2 | ml_driver:0.1,sma | volatility | momentum | regime,trend | carry | volatility,,"Moskowitz, Ooi, Pedersen (2012) - Time Series Momentum | Hurst, Ooi, Pedersen (2017) - A Century of Trend Following | Koijen et al. (2018) - Carry | Baltas (2019) - Alternative Risk Premia",Add volatility scaling and turnover-aware rebalance cadence. | Use regime filter to reduce whipsaw in high-vol mean-reverting states. | Add drawdown-aware de-risking and convex hedges in stress regimes. | Use term-structure slope confidence to modulate position size.
Cat P: ML Signal Combo,P1-FeatureComboSignal,watch_and_rework,0.83,0.1531,-0.355,3,src/financial_algo/strategies/signal_combo.py,"Uses trend, mean_reversion, carry, volatility with sma, ema, rsi, volatility, momentum, regime. Primary tradable universe proxy: broad ETF universe.",reversion_driver:1.7 | trend_driver:1.5 | vol_driver:1.5 | carry_driver:1.0 | macro_driver:0.4 | ml_driver:0.1,sma | ema | rsi | volatility | momentum | regime,trend | mean_reversion | carry | volatility,,"Moskowitz, Ooi, Pedersen (2012) - Time Series Momentum | Hurst, Ooi, Pedersen (2017) - A Century of Trend Following | Lehmann (1990) - Fads, Martingales, and Market Efficiency | Avellaneda, Lee (2010) - Statistical Arbitrage in US Equities",Add volatility scaling and turnover-aware rebalance cadence. | Use regime filter to reduce whipsaw in high-vol mean-reverting states. | Gate entries by spread/volatility regime and avoid trend breakout states. | Use adaptive z-score thresholds from rolling quantiles.
Cat Q: Quality Trend,Q3-MomentumCrashFilter,watch_and_rework,0.83,0.1434,-0.3285,2,src/financial_algo/strategies/quality_trend.py,"Uses trend, volatility with volatility, momentum, regime. Primary tradable universe proxy: broad ETF universe.",trend_driver:1.5 | vol_driver:1.5 | macro_driver:0.4 | reversion_driver:0.2 | ml_driver:0.1,volatility | momentum | regime,trend | volatility,,"Moskowitz, Ooi, Pedersen (2012) - Time Series Momentum | Hurst, Ooi, Pedersen (2017) - A Century of Trend Following | Carr, Wu (2009) - Variance Risk Premia | Israelov, Nielsen (2015) - Volatility Strategies",Add volatility scaling and turnover-aware rebalance cadence. | Use regime filter to reduce whipsaw in high-vol mean-reverting states. | Blend carry and momentum in vol signals to avoid left-tail episodes. | Constrain gross exposure during abrupt vol-of-vol spikes.
Cat K: Factor,K1-LowVolFactor,watch_and_rework,0.84,0.16,-0.2781,2,src/financial_algo/strategies/factor.py,"Uses trend, mean_reversion, carry, volatility with rsi, volatility, regime. Primary tradable universe proxy: broad ETF universe.",reversion_driver:1.7 | vol_driver:1.5 | trend_driver:1.0 | carry_driver:1.0 | macro_driver:0.4 | ml_driver:0.1,rsi | volatility | regime,trend | mean_reversion | carry | volatility,,"Moskowitz, Ooi, Pedersen (2012) - Time Series Momentum | Hurst, Ooi, Pedersen (2017) - A Century of Trend Following | Lehmann (1990) - Fads, Martingales, and Market Efficiency | Avellaneda, Lee (2010) - Statistical Arbitrage in US Equities",Add volatility scaling and turnover-aware rebalance cadence. | Use regime filter to reduce whipsaw in high-vol mean-reverting states. | Gate entries by spread/volatility regime and avoid trend breakout states. | Use adaptive z-score thresholds from rolling quantiles.
Cat L: Volatility,L5-VolSpikeRecovery,optimize_winner,0.84,0.0995,-0.182,4,src/financial_algo/strategies/volatility_strats.py,"Uses carry, volatility with sma, volatility, regime. Primary tradable universe proxy: broad ETF universe.",vol_driver:1.5 | carry_driver:1.0 | macro_driver:0.6 | trend_driver:0.2,sma | volatility | regime,carry | volatility,,"Koijen et al. (2018) - Carry | Baltas (2019) - Alternative Risk Premia | Carr, Wu (2009) - Variance Risk Premia | Israelov, Nielsen (2015) - Volatility Strategies",Add drawdown-aware de-risking and convex hedges in stress regimes. | Use term-structure slope confidence to modulate position size. | Blend carry and momentum in vol signals to avoid left-tail episodes. | Constrain gross exposure during abrupt vol-of-vol spikes.
Cat L: Volatility,L10-DynamicVolRegimeSwitch,watch_and_rework,0.84,0.15,-0.3501,2,src/financial_algo/strategies/volatility_strats.py,"Uses trend, carry, volatility with sma, volatility, momentum, regime. Primary tradable universe proxy: broad ETF universe.",trend_driver:1.5 | vol_driver:1.5 | carry_driver:1.0 | macro_driver:0.4 | reversion_driver:0.2 | ml_driver:0.1,sma | volatility | momentum | regime,trend | carry | volatility,,"Moskowitz, Ooi, Pedersen (2012) - Time Series Momentum | Hurst, Ooi, Pedersen (2017) - A Century of Trend Following | Koijen et al. (2018) - Carry | Baltas (2019) - Alternative Risk Premia",Add volatility scaling and turnover-aware rebalance cadence. | Use regime filter to reduce whipsaw in high-vol mean-reverting states. | Add drawdown-aware de-risking and convex hedges in stress regimes. | Use term-structure slope confidence to modulate position size.
Cat Q: Quality Trend,Q1-QualityTrend,optimize_winner,0.84,0.1432,-0.3675,4,src/financial_algo/strategies/quality_trend.py,"Uses trend, mean_reversion, carry, volatility with sma, rsi, volatility, momentum, regime. Primary tradable universe proxy: broad ETF universe.",reversion_driver:1.7 | trend_driver:1.5 | vol_driver:1.5 | carry_driver:1.0 | macro_driver:0.4 | ml_driver:0.1,sma | rsi | volatility | momentum | regime,trend | mean_reversion | carry | volatility,,"Moskowitz, Ooi, Pedersen (2012) - Time Series Momentum | Hurst, Ooi, Pedersen (2017) - A Century of Trend Following | Lehmann (1990) - Fads, Martingales, and Market Efficiency | Avellaneda, Lee (2010) - Statistical Arbitrage in US Equities",Add volatility scaling and turnover-aware rebalance cadence. | Use regime filter to reduce whipsaw in high-vol mean-reverting states. | Gate entries by spread/volatility regime and avoid trend breakout states. | Use adaptive z-score thresholds from rolling quantiles.
Cat L: Volatility,L2-VolSpreadHarvest,watch_and_rework,0.85,0.1282,-0.3564,3,src/financial_algo/strategies/volatility_strats.py,"Uses trend, carry, volatility, pairs_statarb with sma, ema, volatility, regime. Primary tradable universe proxy: broad ETF universe.",vol_driver:1.5 | trend_driver:1.0 | carry_driver:1.0 | macro_driver:0.4,sma | ema | volatility | regime,trend | carry | volatility | pairs_statarb,,"Moskowitz, Ooi, Pedersen (2012) - Time Series Momentum | Hurst, Ooi, Pedersen (2017) - A Century of Trend Following | Koijen et al. (2018) - Carry | Baltas (2019) - Alternative Risk Premia",Add volatility scaling and turnover-aware rebalance cadence. | Use regime filter to reduce whipsaw in high-vol mean-reverting states. | Add drawdown-aware de-risking and convex hedges in stress regimes. | Use term-structure slope confidence to modulate position size.
Cat R: Regime Hardening,R7-VolExplosionAlpha,optimize_winner,0.85,0.1434,-0.3273,4,src/financial_algo/strategies/regime_hardening.py,"Uses mean_reversion, carry, volatility with sma, zscore, volatility, momentum, regime. Primary tradable universe proxy: broad ETF universe.",reversion_driver:1.5 | vol_driver:1.5 | carry_driver:1.0 | trend_driver:0.5 | macro_driver:0.4,sma | zscore | volatility | momentum | regime,mean_reversion | carry | volatility,,"Lehmann (1990) - Fads, Martingales, and Market Efficiency | Avellaneda, Lee (2010) - Statistical Arbitrage in US Equities | Koijen et al. (2018) - Carry | Baltas (2019) - Alternative Risk Premia",Gate entries by spread/volatility regime and avoid trend breakout states. | Use adaptive z-score thresholds from rolling quantiles. | Add drawdown-aware de-risking and convex hedges in stress regimes. | Use term-structure slope confidence to modulate position size.
Cat L: Volatility,L3-VolTermStructure,optimize_winner,0.86,0.1486,-0.2452,4,src/financial_algo/strategies/volatility_strats.py,"Uses trend, carry, volatility, pairs_statarb with sma, ema, volatility, momentum, regime. Primary tradable universe proxy: broad ETF universe.",trend_driver:1.5 | vol_driver:1.5 | carry_driver:1.0 | macro_driver:0.4 | reversion_driver:0.2 | ml_driver:0.1,sma | ema | volatility | momentum | regime,trend | carry | volatility | pairs_statarb,,"Moskowitz, Ooi, Pedersen (2012) - Time Series Momentum | Hurst, Ooi, Pedersen (2017) - A Century of Trend Following | Koijen et al. (2018) - Carry | Baltas (2019) - Alternative Risk Premia",Add volatility scaling and turnover-aware rebalance cadence. | Use regime filter to reduce whipsaw in high-vol mean-reverting states. | Add drawdown-aware de-risking and convex hedges in stress regimes. | Use term-structure slope confidence to modulate position size.
Cat R: Regime Hardening,R3-DefensiveRotation,watch_and_rework,0.86,0.1452,-0.3156,3,src/financial_algo/strategies/regime_hardening.py,"Uses trend with momentum, regime. Primary tradable universe proxy: broad ETF universe.",trend_driver:1.5 | macro_driver:0.4,momentum | regime,trend,,"Moskowitz, Ooi, Pedersen (2012) - Time Series Momentum | Hurst, Ooi, Pedersen (2017) - A Century of Trend Following",Add volatility scaling and turnover-aware rebalance cadence. | Use regime filter to reduce whipsaw in high-vol mean-reverting states.
Cat D: Crash-Hedge (General),D3-VolCarry,watch_and_rework,0.89,0.1603,-0.3177,3,unknown,Uses mixed signals with custom transforms. Primary tradable universe proxy: broad ETF universe.,,,,,,
Cat F: Crypto Crisis,F3-CryptoGoldDivergence,watch_and_rework,0.89,0.1407,-0.3259,3,unknown,Uses mixed signals with custom transforms. Primary tradable universe proxy: broad ETF universe.,,,,,,
Benchmark,BuyHold-SPY,watch_and_rework,0.9,0.1641,-0.3299,0,unknown,Uses mixed signals with custom transforms. Primary tradable universe proxy: broad ETF universe.,,,,,,
Cat G: Fundamental/Sentiment,G2-FearGreedContrarian,optimize_winner,0.9,0.1529,-0.244,4,unknown,Uses mixed signals with custom transforms. Primary tradable universe proxy: broad ETF universe.,,,,,,
Cat O: Tail Risk,O1-TailRiskParity,optimize_winner,0.9,0.1626,-0.3291,4,src/financial_algo/strategies/tail_risk.py,"Uses volatility with volatility, regime. Primary tradable universe proxy: broad ETF universe.",vol_driver:1.5 | macro_driver:0.4 | reversion_driver:0.2 | ml_driver:0.1,volatility | regime,volatility,,"Carr, Wu (2009) - Variance Risk Premia | Israelov, Nielsen (2015) - Volatility Strategies",Blend carry and momentum in vol signals to avoid left-tail episodes. | Constrain gross exposure during abrupt vol-of-vol spikes.
Cat L: Volatility,L1-VolRiskPremium,watch_and_rework,0.92,0.1734,-0.3306,3,src/financial_algo/strategies/volatility_strats.py,"Uses carry, volatility with ema, volatility, regime. Primary tradable universe proxy: broad ETF universe.",vol_driver:1.5 | carry_driver:1.0 | macro_driver:0.4 | reversion_driver:0.2 | ml_driver:0.1,ema | volatility | regime,carry | volatility,,"Koijen et al. (2018) - Carry | Baltas (2019) - Alternative Risk Premia | Carr, Wu (2009) - Variance Risk Premia | Israelov, Nielsen (2015) - Volatility Strategies",Add drawdown-aware de-risking and convex hedges in stress regimes. | Use term-structure slope confidence to modulate position size. | Blend carry and momentum in vol signals to avoid left-tail episodes. | Constrain gross exposure during abrupt vol-of-vol spikes.
Cat L: Volatility,L4-VolOfVolRegime,watch_and_rework,0.92,0.1786,-0.3126,3,src/financial_algo/strategies/volatility_strats.py,"Uses trend, mean_reversion, carry, volatility with sma, zscore, volatility, momentum, regime. Primary tradable universe proxy: broad ETF universe.",reversion_driver:1.7 | trend_driver:1.5 | vol_driver:1.5 | carry_driver:1.0 | macro_driver:0.4 | ml_driver:0.1,sma | zscore | volatility | momentum | regime,trend | mean_reversion | carry | volatility,,"Moskowitz, Ooi, Pedersen (2012) - Time Series Momentum | Hurst, Ooi, Pedersen (2017) - A Century of Trend Following | Lehmann (1990) - Fads, Martingales, and Market Efficiency | Avellaneda, Lee (2010) - Statistical Arbitrage in US Equities",Add volatility scaling and turnover-aware rebalance cadence. | Use regime filter to reduce whipsaw in high-vol mean-reverting states. | Gate entries by spread/volatility regime and avoid trend breakout states. | Use adaptive z-score thresholds from rolling quantiles.
Cat L: Volatility,L11-VolRiskPremiumAdaptive,watch_and_rework,0.92,0.1738,-0.3316,3,unknown,Uses mixed signals with custom transforms. Primary tradable universe proxy: broad ETF universe.,reversion_driver:0.2 | ml_driver:0.1,,,,,
Cat O: Tail Risk,O7-PreciousMetalsCrisisHedge,watch_and_rework,0.92,0.1417,-0.3042,3,src/financial_algo/strategies/tail_risk.py,"Uses volatility with volatility, regime. Primary tradable universe proxy: broad ETF universe.",vol_driver:1.5 | macro_driver:0.4,volatility | regime,volatility,,"Carr, Wu (2009) - Variance Risk Premia | Israelov, Nielsen (2015) - Volatility Strategies",Blend carry and momentum in vol signals to avoid left-tail episodes. | Constrain gross exposure during abrupt vol-of-vol spikes.
Cat F: Crypto Crisis,F2-CryptoRecoverySurge,optimize_winner,0.93,0.1269,-0.3911,4,unknown,Uses mixed signals with custom transforms. Primary tradable universe proxy: broad ETF universe.,,,,,,
Cat D: Crash-Hedge (General),D2-CrashHedgeQQQ,optimize_winner,0.94,0.1818,-0.2482,4,unknown,Uses mixed signals with custom transforms. Primary tradable universe proxy: broad ETF universe.,reversion_driver:0.2 | ml_driver:0.1,,,,,
Cat L: Volatility,L6-CrossAssetVolSignal,optimize_winner,1.01,0.1767,-0.3027,5,src/financial_algo/strategies/volatility_strats.py,"Uses trend, mean_reversion, carry, volatility with sma, ema, rsi, zscore, volatility, regime. Primary tradable universe proxy: broad ETF universe.",reversion_driver:1.7 | vol_driver:1.5 | trend_driver:1.0 | carry_driver:1.0 | macro_driver:0.4 | ml_driver:0.1,sma | ema | rsi | zscore | volatility | regime,trend | mean_reversion | carry | volatility,,"Moskowitz, Ooi, Pedersen (2012) - Time Series Momentum | Hurst, Ooi, Pedersen (2017) - A Century of Trend Following | Lehmann (1990) - Fads, Martingales, and Market Efficiency | Avellaneda, Lee (2010) - Statistical Arbitrage in US Equities",Add volatility scaling and turnover-aware rebalance cadence. | Use regime filter to reduce whipsaw in high-vol mean-reverting states. | Gate entries by spread/volatility regime and avoid trend breakout states. | Use adaptive z-score thresholds from rolling quantiles.
Cat R: Regime Hardening,R4-AdaptiveRiskBudget,optimize_winner,1.02,0.1856,-0.3044,5,src/financial_algo/strategies/regime_hardening.py,"Uses mean_reversion, carry with sma, rsi, regime. Primary tradable universe proxy: broad ETF universe.",reversion_driver:1.5 | carry_driver:1.0 | macro_driver:0.4,sma | rsi | regime,mean_reversion | carry,,"Lehmann (1990) - Fads, Martingales, and Market Efficiency | Avellaneda, Lee (2010) - Statistical Arbitrage in US Equities | Koijen et al. (2018) - Carry | Baltas (2019) - Alternative Risk Premia",Gate entries by spread/volatility regime and avoid trend breakout states. | Use adaptive z-score thresholds from rolling quantiles. | Add drawdown-aware de-risking and convex hedges in stress regimes. | Use term-structure slope confidence to modulate position size.
Cat F: Crypto Crisis,F2b-CryptoRecoverySurgeATR,optimize_winner,1.07,0.156,-0.2396,4,unknown,Uses mixed signals with custom transforms. Primary tradable universe proxy: broad ETF universe.,,,,,,
Cat R: Regime Hardening,R6-BondEquityHedge,optimize_winner,1.07,0.1738,-0.2679,4,src/financial_algo/strategies/regime_hardening.py,"Uses trend, carry, macro_regime with sma, momentum, regime. Primary tradable universe proxy: broad ETF universe.",trend_driver:1.5 | macro_driver:1.4 | carry_driver:1.0,sma | momentum | regime,trend | carry | macro_regime,,"Moskowitz, Ooi, Pedersen (2012) - Time Series Momentum | Hurst, Ooi, Pedersen (2017) - A Century of Trend Following | Koijen et al. (2018) - Carry | Baltas (2019) - Alternative Risk Premia",Add volatility scaling and turnover-aware rebalance cadence. | Use regime filter to reduce whipsaw in high-vol mean-reverting states. | Add drawdown-aware de-risking and convex hedges in stress regimes. | Use term-structure slope confidence to modulate position size.
Cat R: Regime Hardening,R9-MultiAssetCTATrend,watch_and_rework,1.13,0.2089,-0.2866,2,src/financial_algo/strategies/regime_hardening.py,"Uses trend, mean_reversion, carry, volatility with sma, rsi, atr, volatility, momentum, regime. Primary tradable universe proxy: broad ETF universe.",trend_driver:1.5 | reversion_driver:1.5 | vol_driver:1.5 | carry_driver:1.0 | macro_driver:0.4,sma | rsi | atr | volatility | momentum | regime,trend | mean_reversion | carry | volatility,,"Moskowitz, Ooi, Pedersen (2012) - Time Series Momentum | Hurst, Ooi, Pedersen (2017) - A Century of Trend Following | Lehmann (1990) - Fads, Martingales, and Market Efficiency | Avellaneda, Lee (2010) - Statistical Arbitrage in US Equities",Add volatility scaling and turnover-aware rebalance cadence. | Use regime filter to reduce whipsaw in high-vol mean-reverting states. | Gate entries by spread/volatility regime and avoid trend breakout states. | Use adaptive z-score thresholds from rolling quantiles.
Cat MF: Multi-Frequency,MF2-MonthlyMacroRegime,optimize_winner,1.24,0.222,-0.2643,5,src/financial_algo/strategies/multi_freq.py,"Uses trend, pairs_statarb, macro_regime, ml with momentum, regime. Primary tradable universe proxy: broad ETF universe.",trend_driver:1.5 | macro_driver:1.4 | ml_driver:1.0,momentum | regime,trend | pairs_statarb | macro_regime | ml,,"Moskowitz, Ooi, Pedersen (2012) - Time Series Momentum | Hurst, Ooi, Pedersen (2017) - A Century of Trend Following | Gatev, Goetzmann, Rouwenhorst (2006) - Pairs Trading | Do and Faff (2010) - Pairs Performance and Risks",Add volatility scaling and turnover-aware rebalance cadence. | Use regime filter to reduce whipsaw in high-vol mean-reverting states. | Refresh pair universe with stability and half-life constraints. | Use stop-loss and spread-regime controls for divergence risk.
Ensemble,Ensemble-BestOfEach,optimize_winner,1.33,0.2441,-0.1859,4,unknown,Uses mixed signals with custom transforms. Primary tradable universe proxy: broad ETF universe.,reversion_driver:0.2 | ml_driver:0.1,,,,,
