strategy,baseline_sharpe,current_sharpe,delta_sharpe,decision
J5-GlobalMeanReversion,0.24,-0.17,-0.41,rollback_required
K1-LowVolFactor,0.84,0.69,-0.15,rework_priority
M1-DollarCarry,0.7,0.64,-0.06,rework_priority
H4-MultiAssetCrisisLong,0.05,-0.0,-0.05,hold_watch
M4-CommodityMomentum,0.56,0.53,-0.03,hold_watch
Ensemble-BestOfEach,1.33,1.3,-0.03,hold_watch
K6-QualityMomentumComposite,0.02,-0.0,-0.02,hold_watch
M3-EMRiskPremium,0.16,0.15,-0.01,hold_watch
I10-AdaptiveTrendFilter,-0.14,-0.14,0.0,hold_watch
I7-DriftRegimeMomentum,-0.06,-0.06,0.0,hold_watch
C2-SafeHavenFlight,0.15,0.15,0.0,hold_watch
E1-MultiPairPortfolio,0.15,0.15,0.0,hold_watch
H2-GoldFearRally,0.24,0.24,0.0,hold_watch
B1-OilMomentumSurge,0.25,0.25,0.0,hold_watch
H3-DefenseSpikeBreakout,0.26,0.26,0.0,hold_watch
B4-EnergyPairs,0.31,0.31,0.0,hold_watch
I8-TimeSeriesMomDrift,0.31,0.31,0.0,hold_watch
J3-RSIMeanReversion,0.31,0.31,0.0,hold_watch
I5-GlobalMomentumRotation,0.37,0.37,0.0,hold_watch
J4-CointegrationPairs,0.37,0.37,0.0,hold_watch
I1-TimeSeriesMomentum,0.39,0.39,0.0,hold_watch
N2-TurnOfMonth,0.4,0.4,0.0,hold_watch
G6-MultiSignalConsensus,0.41,0.41,0.0,hold_watch
M8-CommodityMacroSignal,0.42,0.42,0.0,hold_watch
K5-RealAssetsFactor,0.44,0.44,0.0,hold_watch
B3-OilMeanReversion,0.45,0.45,0.0,hold_watch
I2-CrossSectionalMomentum,0.46,0.46,0.0,hold_watch
C3-PostWarRecovery,0.47,0.47,0.0,hold_watch
P5-CrossSectionalRanker,0.49,0.49,0.0,hold_watch
C1-DefenseRotation,0.51,0.51,0.0,hold_watch
P2-XGBoostSignalCombo,0.51,0.51,0.0,hold_watch
J2-OvernightGapFade,0.52,0.52,0.0,hold_watch
L9-VIXAdaptiveCarry,0.52,0.52,0.0,hold_watch
MF4-WeeklyMeanReversion,0.52,0.52,0.0,hold_watch
C4-ArmsRaceMomentum,0.53,0.53,0.0,hold_watch
I3-DualMomentum,0.54,0.54,0.0,hold_watch
J6-DriftReversalAlpha,0.54,0.54,0.0,hold_watch
F1-CryptoFlightToQuality,0.55,0.55,0.0,hold_watch
M5-RatesRegimeTrade,0.55,0.55,0.0,hold_watch
K3-SizeFactor,0.56,0.56,0.0,hold_watch
J1-SectorMeanReversion,0.57,0.57,0.0,hold_watch
D4-AdaptiveStopTrend,0.58,0.58,0.0,hold_watch
M1b-DollarCarryScoreboard,0.59,0.59,0.0,hold_watch
F4-CryptoContagionHedge,0.6,0.6,0.0,hold_watch
I4-MomentumVolScaled,0.6,0.6,0.0,hold_watch
R8-VolRegimeSwitcher,0.6,0.6,0.0,hold_watch
R5-RatesTighteningAlpha,0.62,0.62,0.0,hold_watch
D1-FourStateTactical,0.63,0.63,0.0,hold_watch
M9-YieldCurveRegime,0.65,0.65,0.0,hold_watch
M2-GoldDollarInverse,0.68,0.68,0.0,hold_watch
N3-PreHolidayDrift,0.68,0.68,0.0,hold_watch
L8-VolRegimeClustering,0.7,0.7,0.0,hold_watch
MF1-WeeklyMomentumRotation,0.7,0.7,0.0,hold_watch
R1-BearMarketAlpha,0.7,0.7,0.0,hold_watch
MF3-MultiTimeframeTrend,0.71,0.71,0.0,hold_watch
G4-SentimentEnhancedRegime,0.72,0.72,0.0,hold_watch
Q2-MultiAssetTrend,0.74,0.74,0.0,hold_watch
M10-MacroSignalScoreboard,0.75,0.75,0.0,hold_watch
P4-AdaptiveThreshold,0.75,0.75,0.0,hold_watch
G5-CryptoSentimentDivergence,0.76,0.76,0.0,hold_watch
K2-MultiFactorComposite,0.77,0.77,0.0,hold_watch
G3-SentimentDivergence,0.78,0.78,0.0,hold_watch
K4-ValueFactor,0.81,0.81,0.0,hold_watch
P1-FeatureComboSignal,0.83,0.83,0.0,hold_watch
Q3-MomentumCrashFilter,0.83,0.83,0.0,hold_watch
L5-VolSpikeRecovery,0.84,0.84,0.0,hold_watch
L10-DynamicVolRegimeSwitch,0.84,0.84,0.0,hold_watch
Q1-QualityTrend,0.84,0.84,0.0,hold_watch
L2-VolSpreadHarvest,0.85,0.85,0.0,hold_watch
R7-VolExplosionAlpha,0.85,0.85,0.0,hold_watch
L3-VolTermStructure,0.86,0.86,0.0,hold_watch
R3-DefensiveRotation,0.86,0.86,0.0,hold_watch
D3-VolCarry,0.89,0.89,0.0,hold_watch
F3-CryptoGoldDivergence,0.89,0.89,0.0,hold_watch
BuyHold-SPY,0.9,0.9,0.0,hold_watch
G2-FearGreedContrarian,0.9,0.9,0.0,hold_watch
O1-TailRiskParity,0.9,0.9,0.0,hold_watch
L4-VolOfVolRegime,0.92,0.92,0.0,hold_watch
L11-VolRiskPremiumAdaptive,0.92,0.92,0.0,hold_watch
O7-PreciousMetalsCrisisHedge,0.92,0.92,0.0,hold_watch
F2-CryptoRecoverySurge,0.93,0.93,0.0,hold_watch
D2-CrashHedgeQQQ,0.94,0.94,0.0,hold_watch
L6-CrossAssetVolSignal,1.01,1.01,0.0,hold_watch
R4-AdaptiveRiskBudget,1.02,1.02,0.0,hold_watch
F2b-CryptoRecoverySurgeATR,1.07,1.07,0.0,hold_watch
R6-BondEquityHedge,1.07,1.07,0.0,hold_watch
R9-MultiAssetCTATrend,1.13,1.13,0.0,hold_watch
MF2-MonthlyMacroRegime,1.24,1.24,0.0,hold_watch
M11-AdaptiveMacroBlend,0.27,0.28,0.01,hold_watch
DL1-TemporalCNNAlpha,0.41,0.42,0.01,hold_watch
DL2-LSTMRegimeDetector,0.66,0.67,0.01,hold_watch
M7-GlobalRotation,0.18,0.2,0.02,hold_watch
L1-VolRiskPremium,0.92,0.94,0.02,hold_watch
H2-CreditSpreadMeanRev,0.5,0.53,0.03,hold_watch
N1-SeasonalStrategy,0.79,0.84,0.05,hold_watch
H1-YieldCurveTrade,0.14,0.22,0.08,promote
L7-ImpliedRealizedSpread,-0.17,-0.08,0.09,promote
G1-SentimentCrisisAlpha,0.79,0.89,0.1,promote
H1-CommodityShockRider,0.2,0.34,0.14,promote
DL3-AttentionRanker,0.16,0.33,0.17,promote
B2-OilShockHedge,0.22,0.43,0.21,promote
P3-GMMRegimeClassifier,0.26,0.59,0.33,promote
O6-TailHedgeOverlay,0.18,0.59,0.41,promote
O9-ATRCrisisAlpha,-0.03,0.51,0.54,promote
R10-CommodityMacroOverlay,0.09,0.65,0.56,promote
O4-BlackSwanInsurance,0.28,1.03,0.75,promote
O8-VolatilityConvexity,0.0,0.85,0.85,promote
